-- phpMyAdmin SQL Dump
-- version 4.7.4
-- https://www.phpmyadmin.net/
--
-- Host: 127.0.0.1
-- Generation Time: Jan 20, 2018 at 04:29 PM
-- Server version: 10.1.29-MariaDB
-- PHP Version: 7.2.0

SET SQL_MODE = "NO_AUTO_VALUE_ON_ZERO";
SET AUTOCOMMIT = 0;
START TRANSACTION;
SET time_zone = "+00:00";


/*!40101 SET @OLD_CHARACTER_SET_CLIENT=@@CHARACTER_SET_CLIENT */;
/*!40101 SET @OLD_CHARACTER_SET_RESULTS=@@CHARACTER_SET_RESULTS */;
/*!40101 SET @OLD_COLLATION_CONNECTION=@@COLLATION_CONNECTION */;
/*!40101 SET NAMES utf8mb4 */;

--
-- Database: `blog`
--

-- --------------------------------------------------------

--
-- Table structure for table `menu_catalog`
--

CREATE TABLE `menu_catalog` (
  `id` int(11) NOT NULL,
  `name` varchar(255) COLLATE utf8mb4_unicode_ci NOT NULL,
  `metaTitle` varchar(255) COLLATE utf8mb4_unicode_ci NOT NULL,
  `created` timestamp NOT NULL DEFAULT CURRENT_TIMESTAMP,
  `updated` timestamp NOT NULL DEFAULT CURRENT_TIMESTAMP ON UPDATE CURRENT_TIMESTAMP
) ENGINE=InnoDB DEFAULT CHARSET=utf8mb4 COLLATE=utf8mb4_unicode_ci;

--
-- Dumping data for table `menu_catalog`
--

INSERT INTO `menu_catalog` (`id`, `name`, `metaTitle`, `created`, `updated`) VALUES
(2, 'Công nghệ thông tin', 'Cong-nghe-thong-tin', '2018-01-15 16:45:47', '2018-01-15 16:45:47'),
(3, 'Chính trị', 'Chinh-tri', '2018-01-15 17:08:01', '2018-01-15 17:26:01'),
(5, 'Khoa hoc kỹ thuật', 'Khoa-hoc-ky-thuat', '2018-01-15 17:26:21', '2018-01-15 17:26:21'),
(6, 'Ẩm thực', 'Am-thuc', '2018-01-19 14:35:19', '2018-01-19 14:35:19'),
(7, 'Giải trí', 'Giai-tri', '2018-01-19 14:35:22', '2018-01-19 14:35:22'),
(8, 'Thời sự', 'Thoi-su', '2018-01-19 14:35:58', '2018-01-19 14:35:58'),
(9, 'Giao thông', 'Giao-thong', '2018-01-19 14:41:53', '2018-01-19 14:41:53'),
(10, 'Giáo dục', 'Giao-duc', '2018-01-19 14:52:31', '2018-01-19 14:52:31');

-- --------------------------------------------------------

--
-- Table structure for table `menu_list_blog`
--

CREATE TABLE `menu_list_blog` (
  `id` int(11) NOT NULL,
  `avatar` varchar(255) COLLATE utf8mb4_unicode_ci NOT NULL,
  `name` varchar(255) COLLATE utf8mb4_unicode_ci NOT NULL,
  `metaTitle` varchar(255) COLLATE utf8mb4_unicode_ci NOT NULL,
  `catalog` int(2) DEFAULT NULL,
  `description` varchar(255) COLLATE utf8mb4_unicode_ci NOT NULL,
  `content` text COLLATE utf8mb4_unicode_ci NOT NULL,
  `token` varchar(35) COLLATE utf8mb4_unicode_ci NOT NULL,
  `hot` int(1) NOT NULL DEFAULT '1',
  `new` int(1) NOT NULL DEFAULT '1',
  `dateTime` varchar(20) COLLATE utf8mb4_unicode_ci NOT NULL,
  `created` timestamp NOT NULL DEFAULT CURRENT_TIMESTAMP,
  `updated` timestamp NOT NULL DEFAULT CURRENT_TIMESTAMP ON UPDATE CURRENT_TIMESTAMP
) ENGINE=InnoDB DEFAULT CHARSET=utf8mb4 COLLATE=utf8mb4_unicode_ci;

--
-- Dumping data for table `menu_list_blog`
--

INSERT INTO `menu_list_blog` (`id`, `avatar`, `name`, `metaTitle`, `catalog`, `description`, `content`, `token`, `hot`, `new`, `dateTime`, `created`, `updated`) VALUES
(4, 'public/images/1516373076brand01.png', 'Bác tin ông Đoàn Ngọc Hải làm Phó chánh thanh tra TP.HCM', 'Bac-tin-ong-Doan-Ngoc-Hai-lam-Pho-chanh-thanh-tra-TPHCM', 8, 'Lãnh đạo UBND quận 1 (TP.HCM) khẳng định không có chuyện ông Đoàn Ngọc Hải được phân công làm Phó chánh thanh tra TP.', '<p>Tối 18/1, b&agrave; Nguyễn Thị Thu Hường, Ph&oacute; chủ tịch UBND quận 1, người ph&aacute;t ng&ocirc;n UBND quận 1, khẳng định &ocirc;ng Hải vẫn đang l&agrave;m việc b&igrave;nh thường v&agrave; kh&ocirc;ng c&oacute; chuyện &ocirc;ng Hải được ph&acirc;n c&ocirc;ng l&agrave;m Ph&oacute; ch&aacute;nh thanh tra TP.HCM.&nbsp;</p>\r\n\r\n<p>C&ugrave;ng ng&agrave;y,&nbsp;tr&ecirc;n mạng x&atilde; hội lan truyền th&ocirc;ng tin &ocirc;ng Đo&agrave;n Ngọc Hải được ph&acirc;n c&ocirc;ng nhiệm vụ mới. Nội dung th&ocirc;ng tin n&ecirc;u: &quot;Ng&agrave;y 18/1, UBND TP.HCM đ&atilde; đưa ra quyết định bổ nhiệm &ocirc;ng Đo&agrave;n Ngọc Hải, Ph&oacute; chủ tịch UBND quận 1, giữ chức vụ Ph&oacute; ch&aacute;nh thanh tra TP.HCM. Lễ c&ocirc;ng bố quyết định n&agrave;y sẽ được tổ chức sau v&agrave;i ng&agrave;y nữa&quot;.</p>\r\n\r\n<p>L&atilde;nh đạo UBND quận 1 x&aacute;c nhận đ&acirc;y l&agrave; th&ocirc;ng tin kh&ocirc;ng ch&iacute;nh x&aacute;c v&agrave; &ocirc;ng Đo&agrave;n Ngọc Hải vẫn phụ tr&aacute;ch mảng đ&ocirc; thị của UBND quận 1. Về đơn xin từ chức của &ocirc;ng Hải, b&agrave; Thu Hường cho biết thẩm quyền xem x&eacute;t, giải quyết thuộc về Thường vụ Th&agrave;nh ủy.</p>\r\n\r\n<p>Ng&agrave;y&nbsp;8/1, &ocirc;ng Đo&agrave;n Ngọc Hải bất ngờ nộp đơn xin từ chức. Trong đơn, &ocirc;ng Hải tr&igrave;nh b&agrave;y việc xử l&yacute; h&agrave;nh vi lấn chiếm l&ograve;ng, lề đường đ&atilde; động chạm đến lợi &iacute;ch của c&aacute;c b&atilde;i giữ &ocirc;t&ocirc;, xe gắn m&aacute;y, nh&agrave; h&agrave;ng, kh&aacute;ch sạn, c&aacute;c hộ kinh doanh mặt tiền... &ldquo;v&agrave; một bộ phận kh&ocirc;ng nhỏ c&aacute;n bộ cộng sinh trong đ&oacute;&rdquo;.</p>\r\n\r\n<p>&quot;Nh&igrave;n lại, t&ocirc;i thấy m&igrave;nh kh&ocirc;ng thực hiện được lời hứa trước nh&acirc;n d&acirc;n v&agrave; kỳ vọng của đồng ch&iacute; l&atilde;o th&agrave;nh c&aacute;ch mạng sẽ giải quyết dứt điểm vấn đề n&agrave;y. V&igrave; vậy, t&ocirc;i xin từ chức&quot;, &ocirc;ng Đo&agrave;n Ngọc Hải viết.</p>\r\n\r\n<p>&nbsp;</p>\r\n', 'K7a2NiyYY9', 1, 1, '18/01/2018', '2018-01-18 13:46:47', '2018-01-19 14:44:36'),
(5, 'public/images/1516373099portfolio-4columns-image5.png', 'TP.HCM kỷ luật 7 đảng viên', 'TPHCM-ky-luat-7-dang-vien', 3, 'Theo báo cáo của Thành ủy TP.HCM, năm 2017, trong số 7 đảng viên bị kỷ luật có 3 người bị cách tất cả chức vụ trong Đảng.', '<p>Chiều 10/1, Th&agrave;nh ủy TP.HCM tổ chức hội nghị tổng kết c&ocirc;ng t&aacute;c kiểm tra, gi&aacute;m s&aacute;t, kỷ luật đảng năm 2017 v&agrave; phương hướng, nhiệm vụ trọng t&acirc;m năm 2018.</p>\r\n\r\n<p>Theo b&aacute;o c&aacute;o của Ủy ban Kiểm tra Th&agrave;nh ủy, trong năm 2017, cấp ủy c&aacute;c cấp tiến h&agrave;nh kiểm tra 2.566 tổ chức đảng, 2.605 đảng vi&ecirc;n; đồng thời gi&aacute;m s&aacute;t 1.975 tổ chức đảng v&agrave; 2.270 đảng vi&ecirc;n.</p>\r\n\r\n<p>Th&agrave;nh ủy v&agrave; Ban Thường vụ Th&agrave;nh ủy đ&atilde; thi h&agrave;nh kỷ luật 3 tổ chức đảng (tăng 3 trường hợp so với năm 2016) bằng h&igrave;nh thức khiển tr&aacute;ch, gồm: Ban Thường vụ Quận ủy T&acirc;n Ph&uacute; nhiệm kỳ 2010-2015, Ban Thường vụ Đảng ủy Sở Lao động - Thương binh v&agrave; X&atilde; hội nhiệm kỳ 2010-2015, Ban Thường vụ Khối Doanh nghiệp C&ocirc;ng nghiệp Trung ương tại TP.HCM nhiệm kỳ 2010-2015.</p>\r\n\r\n<p><strong><a href=\"https://news.zing.vn/video-thanh-uy-tphcm-cong-bo-ky-luat-dang-nam-2017-post810754.html\" target=\"_blank\">Th&agrave;nh ủy TP.HCM c&ocirc;ng bố kỷ luật đảng năm 2017</a></strong>&nbsp;Hội nghị tổng kết c&ocirc;ng t&aacute;c kiểm tra, gi&aacute;m s&aacute;t, kỷ luật đảng năm 2017 c&ocirc;ng bố thi h&agrave;nh kỷ luật đối với tổ chức đảng v&agrave; đảng vi&ecirc;n.</p>\r\n\r\n<p>Chiều 10/1, Th&agrave;nh ủy TP.HCM tổ chức hội nghị tổng kết c&ocirc;ng t&aacute;c kiểm tra, gi&aacute;m s&aacute;t, kỷ luật đảng năm 2017 v&agrave; phương hướng, nhiệm vụ trọng t&acirc;m năm 2018.</p>\r\n\r\n<p>Theo b&aacute;o c&aacute;o của Ủy ban Kiểm tra Th&agrave;nh ủy, trong năm 2017, cấp ủy c&aacute;c cấp tiến h&agrave;nh kiểm tra 2.566 tổ chức đảng, 2.605 đảng vi&ecirc;n; đồng thời gi&aacute;m s&aacute;t 1.975 tổ chức đảng v&agrave; 2.270 đảng vi&ecirc;n.</p>\r\n\r\n<p>Th&agrave;nh ủy v&agrave; Ban Thường vụ Th&agrave;nh ủy đ&atilde; thi h&agrave;nh kỷ luật 3 tổ chức đảng (tăng 3 trường hợp so với năm 2016) bằng h&igrave;nh thức khiển tr&aacute;ch, gồm: Ban Thường vụ Quận ủy T&acirc;n Ph&uacute; nhiệm kỳ 2010-2015, Ban Thường vụ Đảng ủy Sở Lao động - Thương binh v&agrave; X&atilde; hội nhiệm kỳ 2010-2015, Ban Thường vụ Khối Doanh nghiệp C&ocirc;ng nghiệp Trung ương tại TP.HCM nhiệm kỳ 2010-2015.7 đảng vi&ecirc;n bị kỷ luật, trong đ&oacute; 3 đảng vi&ecirc;n bị c&aacute;ch tất cả c&aacute;c chức vụ trong Đảng. Đ&oacute; l&agrave; b&agrave; Nguyễn Thị T&iacute;m, Ph&oacute; b&iacute; thư Thường trực, Chủ nhiệm Ủy ban Kiểm tra Đảng ủy Khối Doanh nghiệp C&ocirc;ng nghiệp Trung ương tại TP.HCM nhiệm kỳ 2015-2020; &ocirc;ng Huỳnh Tấn Dũng, nguy&ecirc;n Ủy vi&ecirc;n Ban Thường vụ Đảng ủy Sở Lao động, Thương binh v&agrave; X&atilde; hội nhiệm kỳ 2010-2015 v&agrave; một đảng vi&ecirc;n nguy&ecirc;n l&agrave; B&iacute; thư chi bộ, Trưởng ph&ograve;ng Quản l&yacute; đ&ocirc; thị quận 7 giai đoạn 2012-2017.&nbsp;</p>\r\n\r\n<p>2 người bị kỷ luật bằng h&igrave;nh thức khiển tr&aacute;ch l&agrave; &ocirc;ng Huỳnh Văn Hạnh, nguy&ecirc;n B&iacute; thư quận T&acirc;n Ph&uacute; nhiệm kỳ 2010-2015 v&agrave; &ocirc;ng V&otilde; Ngọc Quốc Thuận, B&iacute; thư quận B&igrave;nh T&acirc;n.</p>\r\n\r\n<p>2 đảng vi&ecirc;n bị kỷ luật bằng h&igrave;nh thức cảnh c&aacute;o l&agrave; &ocirc;ng Trần Trung Dũng, Ph&oacute; trưởng Ban Tổ chức Th&agrave;nh ủy, nguy&ecirc;n Gi&aacute;m đốc Sở Lao động - Thương binh v&agrave; X&atilde; hội v&agrave; &ocirc;ng L&ecirc; Trọng Hiếu, Ph&oacute; trưởng ban D&acirc;n vận Th&agrave;nh ủy, nguy&ecirc;n l&agrave; B&iacute; thư Quận ủy ki&ecirc;m Chủ tịch UBND quận 7.</p>\r\n\r\n<p>Ngo&agrave;i ra, cấp ủy c&aacute;c cấp v&agrave; chi bộ thi h&agrave;nh kỷ luật đối với 447 người, trong đ&oacute; 312 người bị khiển tr&aacute;ch, 105 trường hợp bị cảnh c&aacute;o, 18 người bị c&aacute;ch chức v&agrave; khai trừ 12 người.</p>\r\n\r\n<p>Nội dung vi phạm chủ yếu l&agrave; thực hiện kh&ocirc;ng đ&uacute;ng quy chế l&agrave;m việc, quy định về ph&acirc;n cấp quản l&yacute; c&aacute;n bộ, bổ nhiệm c&aacute;n bộ, giải quyết tố c&aacute;o, chấp h&agrave;nh kh&ocirc;ng nghi&ecirc;m c&aacute;c nghị quyết, chỉ thị, quy định của Đảng. Thiếu tr&aacute;ch nhiệm trong thực hiện nhiệm vụ được giao; vi phạm phẩm chất, đạo đức, lối sống; suy tho&aacute;i về tư tưởng ch&iacute;nh trị...</p>\r\n\r\n<p>Nguy&ecirc;n nh&acirc;n dẫn đến vi phạm chủ yếu l&agrave; cấp ủy, người đứng đầu, tổ chức đảng kh&ocirc;ng nắm vững, kh&ocirc;ng chấp h&agrave;nh nghi&ecirc;m c&aacute;c quy định của Đảng v&agrave; ph&aacute;p luật của Nh&agrave; nước, c&aacute;c nguy&ecirc;n tắc tổ chức v&agrave; hoạt động của Đảng; Bu&ocirc;ng lỏng c&ocirc;ng t&aacute;c l&atilde;nh đạo, thiếu kiểm tra gi&aacute;m s&aacute;t, n&eacute; tr&aacute;nh trong đấu tranh... dẫn đến sai phạm k&eacute;o d&agrave;i, c&oacute; t&iacute;nh hệ thống v&agrave; ng&agrave;y c&agrave;ng nghi&ecirc;m trọng. Một bộ phận đảng vi&ecirc;n thiếu tu dưỡng, r&egrave;n luyện, chấp nhận vi phạm để trục lợi cho bản th&acirc;n.</p>\r\n', 'ae3AMBadd2', 1, 0, '18/01/2018', '2018-01-18 13:48:46', '2018-01-20 03:19:06'),
(6, 'public/images/1516373119portfolio-4columns-image2.png', 'Chi 400 triệu phá dỡ tòa nhà 7 tầng của trùm ma túy Tàng Keangnam', 'Chi-400-trieu-pha-do-toa-nha-7-tang-cua-trum-ma-tuy-Tang-Keangnam', 8, 'Chính quyền tỉnh Sơn La phải chi 400 triệu để thuê một công ty tư nhân phá dỡ tòa nhà 7 tầng của trùm ma túy Tráng A Tàng.', '<p>S&aacute;ng 18/1, trao đổi với&nbsp;<em>Zing.vn</em>, &ocirc;ng Phạm Đức Ch&iacute;nh, Chủ tịch UBND huyện Mộc Ch&acirc;u (<a href=\"https://news.zing.vn/son-la-tieu-diem.html\" title=\"Tin tức Sơn La\">Sơn La</a>), cho biết ch&iacute;nh quyền huyện đ&atilde; thu&ecirc; một c&ocirc;ng ty tư nh&acirc;n ph&aacute; dỡ t&ograve;a nh&agrave; 7 tầng của &ocirc;ng tr&ugrave;m ma t&uacute;y Tr&aacute;ng A T&agrave;ng với số tiền 400 triệu.</p>\r\n\r\n<p>Theo chủ tịch huyện Mộc Ch&acirc;u, trong qu&aacute; tr&igrave;nh th&aacute;o dỡ, người nh&agrave; của Tr&aacute;ng A T&agrave;ng c&oacute; đến g&acirc;y kh&oacute; dễ, cản trở đơn vị thi c&ocirc;ng. Tuy nhi&ecirc;n, quan điểm của l&atilde;nh đạo tỉnh Sơn La v&agrave; huyện Mộc Ch&acirc;u đ&atilde; thống nhất n&ecirc;n c&ocirc;ng t&aacute;c ph&aacute; dỡ vẫn tiếp tục, dự kiến sẽ ho&agrave;n thiện v&agrave;o ng&agrave;y 25/1.</p>\r\n\r\n<p>N&oacute;i về khoản chi 400 triệu để ph&aacute; t&ograve;a nh&agrave;, &ocirc;ng Ch&iacute;nh cho biết do việc th&aacute;o dỡ kh&oacute; khăn, phải vận chuyển vật liệu đi xa n&ecirc;n chi ph&iacute; ph&aacute;t sinh cao. Ch&iacute;nh quyền huyện đ&atilde; phải li&ecirc;n hệ rất nhiều lần mới được một c&ocirc;ng ty nhận xử l&yacute;.</p>\r\n\r\n<p>Sau khi ho&agrave;n thiện việc th&aacute;o dỡ, huyện sẽ cho trồng c&acirc;y xanh tr&ecirc;n khu vực nền đất cũ của t&ograve;a nh&agrave;.</p>\r\n\r\n<p>Trước đ&oacute;, ch&iacute;nh quyền tỉnh Sơn La v&agrave; huyện Mộc Ch&acirc;u cũng đ&atilde; họp b&agrave;n về việc ph&aacute; dỡ hay để lại sử dụng tr&aacute;nh l&atilde;ng ph&iacute;. Nhưng quyết định cuối c&ugrave;ng của tỉnh vẫn l&agrave; ph&aacute; bỏ t&ograve;a nh&agrave; n&agrave;y để x&oacute;a đi dư &acirc;m xấu về ma t&uacute;y.</p>\r\n\r\n<p>&quot;T&ograve;a nh&agrave; được v&iacute; như một tượng đ&agrave;i ma t&uacute;y, nếu để lại sử dụng, nhiều người sẽ nh&igrave;n v&agrave;o biểu tượng đ&oacute; m&agrave; tiếp tục dấn th&acirc;n v&agrave;o con đường bu&ocirc;n b&aacute;n tr&aacute;i ph&eacute;p ma t&uacute;y như Tr&aacute;ng A T&agrave;ng. V&igrave; vậy, ch&uacute;ng t&ocirc;i quyết định ph&aacute; bỏ&rdquo;, &ocirc;ng Ch&iacute;nh n&oacute;i.</p>\r\n\r\n<p>Ng&agrave;y 15/1, UBND huyện Mộc Ch&acirc;u bắt đầu tổ chức ph&aacute; bỏ t&ograve;a nh&agrave; 7 tầng của tr&ugrave;m ma t&uacute;y Tr&aacute;ng A T&agrave;ng (36 tuổi, ở x&atilde; Lo&oacute;ng Lu&ocirc;ng, huyện Mộc Ch&acirc;u, Sơn La).</p>\r\n\r\n<p>T&ograve;a nh&agrave; n&agrave;y nằm tr&ecirc;n một đoạn cua đẹp nhất của quốc lộ 6, thuộc thị trấn n&ocirc;ng trường Mộc Ch&acirc;u, huyện Mộc Ch&acirc;u. Khi căn nh&agrave; vừa x&acirc;y xong phần th&ocirc; th&igrave; ng&agrave;y 26/7/2013, Tr&aacute;ng A T&agrave;ng c&ugrave;ng vợ l&agrave; Gi&agrave;ng Thị Sua v&agrave; đồng phạm bị bắt khi đang vận chuyển tr&aacute;i ph&eacute;p 265 b&aacute;nh heroin v&agrave; 553 vi&ecirc;n ma t&uacute;y tổng hợp.</p>\r\n\r\n<p>T&agrave;ng bị tuy&ecirc;n &aacute;n tử h&igrave;nh hồi th&aacute;ng cuối th&aacute;ng 3/2017, căn cứ v&agrave;o t&agrave;i liệu điều tra, cơ quan chức năng t&ograve;a đ&atilde; đưa nh&agrave; 7 tầng của T&agrave;ng &ldquo;Keangnam&rdquo; đang x&acirc;y v&agrave;o diện k&ecirc; bi&ecirc;n t&agrave;i sản v&igrave; cho rằng nguồn gốc số t&agrave;i sản tr&ecirc;n do T&agrave;ng bu&ocirc;n b&aacute;n heroin m&agrave; c&oacute;</p>\r\n', '35tLKMasd1', 1, 0, '18/01/2018', '2018-01-18 13:50:46', '2018-01-20 03:18:57'),
(7, 'public/images/1516373139slide-image-1.png', 'Sau Mỹ, TQ cũng chuẩn bị cho chiến tranh trên bán đảo Triều Tiên', 'Sau-My-TQ-cung-chuan-bi-cho-chien-tranh-tren-ban-dao-Trieu-Tien', 3, 'Cuộc huy động quân sự quy mô chưa từng có đầu năm 2018 cho thấy Bắc Kinh đang âm thầm chuẩn bị cho cuộc chiến trên bán đảo Triều Tiên', '<p>&ldquo;Đừng sợ c&aacute;i chết&rdquo;, Chủ tịch&nbsp;<a href=\"https://news.zing.vn/trung-quoc-tieu-diem.html\" title=\"Tin tức Trung Quốc\">Trung Quốc</a>&nbsp;Tập Cận B&igrave;nh n&oacute;i với hơn 7.000 binh sĩ Qu&acirc;n đội Giải ph&oacute;ng Nh&acirc;n d&acirc;n (PLA) tập trung tại cơ sở huấn luyện ở tỉnh H&agrave; Bắc v&agrave;o ng&agrave;y 3/1, b&aacute;o&nbsp;<em>Nikkei</em>&nbsp;cho biết. Đ&oacute; l&agrave; một ng&agrave;y lạnh gi&aacute; v&agrave; Chủ tịch Tập xuất hiện trong bộ đồ qu&acirc;n sự m&ugrave;a đ&ocirc;ng.</p>\r\n\r\n<p>Cuộc huy động qu&acirc;n sự quy m&ocirc; lớn đầu ti&ecirc;n li&ecirc;n quan đến to&agrave;n bộ PLA, từ lục qu&acirc;n, hải qu&acirc;n, kh&ocirc;ng qu&acirc;n v&agrave; lực lượng t&ecirc;n lửa chiến lược. B&agrave;i ph&aacute;t biểu của &ocirc;ng Tập được truyền h&igrave;nh trực tiếp v&agrave; ph&aacute;t s&oacute;ng đến hơn 4.000 địa điểm.</p>\r\n\r\n<p>&Ocirc;ng Tập cũng l&agrave; Chủ tịch Qu&acirc;n Ủy Trung ương, ki&ecirc;m Tổng b&iacute; thư Đảng Cộng sản Trung Quốc, n&oacute;i với qu&acirc;n đội sẵn s&agrave;ng trong mọi t&igrave;nh huống. Sự kiện qu&acirc;n sự khổng lồ n&agrave;y kh&ocirc;ng nghi ngờ g&igrave; nữa l&agrave; để chuẩn bị cho kịch bản xấu nhất tr&ecirc;n b&aacute;n đảo&nbsp;<a href=\"https://news.zing.vn/trieu-tien-tieu-diem.html\" title=\"Tin tức Triều Tiên\">Triều Ti&ecirc;n</a>.</p>\r\n\r\n<p>Bắc Kinh đang theo s&aacute;t t&igrave;nh h&igrave;nh b&aacute;n đảo để chuẩn bị cho mọi t&igrave;nh huống. Nếu Triều Ti&ecirc;n kh&ocirc;ng từ bỏ chương tr&igrave;nh hạt nh&acirc;n,&nbsp;<a href=\"https://news.zing.vn/hop-chung-quoc-hoa-ky-tieu-diem.html\" title=\"Tin tức Mỹ\">Mỹ</a>&nbsp;c&oacute; thể h&agrave;nh động sớm hơn. &ldquo;Ng&agrave;y đ&oacute; c&oacute; thể đến ngay sau Thế vận hội m&ugrave;a Đ&ocirc;ng diễn ra tại Pyeongchang, H&agrave;n Quốc&rdquo;, một nguồn tin cho hay. Thế vận hội sẽ kết th&uacute;c v&agrave;o ng&agrave;y 25/2.</p>\r\n\r\n<p>Bắc Kinh lu&ocirc;n cương quyết chống lại bất kỳ quốc gia n&agrave;o x&acirc;m chiếm Triều Ti&ecirc;n. Nhưng nếu Tổng thống Mỹ Donald Trump quyết định phương &aacute;n tấn c&ocirc;ng, rất kh&oacute; để ngăn chặn Mỹ dừng lại. Do đ&oacute;, Trung Quốc cần chuẩn bị cho c&aacute;c sự kiện bất ngờ, bao gồm tấn c&ocirc;ng phủ đầu v&agrave;o l&atilde;nh đạo B&igrave;nh Nhưỡng, hoặc chiến thuật tấn c&ocirc;ng chớp nho&aacute;ng nhằm l&agrave;m t&ecirc; liệt qu&acirc;n đội Triều Ti&ecirc;n.</p>\r\n\r\n<p>Cuộc đụng độ trực tiếp giữa qu&acirc;n đội Trung Quốc v&agrave; Mỹ sẽ được tr&aacute;nh bằng mọi gi&aacute;. &Ocirc;ng Tập hiểu rằng PLA rất kh&oacute; chiến thắng cuộc chiến với Mỹ. Nhưng nếu Mỹ x&acirc;m chiếm Triều Ti&ecirc;n, Trung Quốc kh&ocirc;ng c&ograve;n lựa chọn n&agrave;o kh&aacute;c ngo&agrave;i sử dụng qu&acirc;n đội để bảo vệ lợi &iacute;ch của họ.</p>\r\n\r\n<p>Trong t&igrave;nh huống n&agrave;y, nhiều nh&agrave; quan s&aacute;t qu&acirc;n sự tin rằng Trung Quốc sẽ triển khai qu&acirc;n đội từ Đ&ocirc;ng Bắc nước n&agrave;y qua s&ocirc;ng &Aacute;p Lục, bi&ecirc;n giới giữa Trung Quốc v&agrave; Triều Ti&ecirc;n. Đ&acirc;y l&agrave; c&aacute;ch m&agrave; Bắc Kinh đ&atilde; l&agrave;m trong Chiến tranh Triều Ti&ecirc;n 1950-1953.</p>\r\n\r\n<p>Tuy nhi&ecirc;n, đ&acirc;y kh&ocirc;ng phải l&agrave; con đường ph&ugrave; hợp cho c&aacute;c t&igrave;nh huống khẩn cấp ở B&igrave;nh Nhưỡng hoặc xa s&ocirc;ng &Aacute;p Lục. Trung Quốc c&oacute; thể sử dụng c&aacute;ch thức trong lịch sử để giải quyết vấn đề n&agrave;y. Trong Chiến tranh Triều Ti&ecirc;n, sau khi bị qu&acirc;n đội Triều Ti&ecirc;n dồn tới cực Nam của b&aacute;n đảo. Tướng Douglas MacArthur, Tư lệnh qu&acirc;n đội Li&ecirc;n Hợp Quốc tại Triều Ti&ecirc;n đ&atilde; tiến h&agrave;nh cuộc đổ bộ t&aacute;o bạo l&ecirc;n Incheon. Th&agrave;nh c&ocirc;ng của cuộc đổ bộ đ&atilde; gi&uacute;p Mỹ lật ngược thế cờ.</p>\r\n\r\n<p>Nếu Mỹ tấn c&ocirc;ng Triều Ti&ecirc;n, Trung Quốc c&oacute; thể đi con đường m&agrave; tướng MacArthur đ&atilde; chọn 68 năm trước. Ngay cả khi qu&acirc;n đội Trung Quốc kh&ocirc;ng can thiệp v&agrave;o đối t&aacute;c của Mỹ, họ c&oacute; thể sẽ thiết lập một chỗ đứng gần B&igrave;nh Nhưỡng để bảo to&agrave;n lợi &iacute;ch.</p>\r\n', 'asdcfaar12', 1, 0, '18/01/2018', '2018-01-18 13:52:27', '2018-01-20 03:19:03'),
(8, 'public/images/1516329987author-image.png', 'Duy Mạnh phản bác Lệ Quyên: Nói bolero là dòng nhạc khó hát nhất là thiếu hiểu biết và ngu dốt?', 'Duy-Manh-phan-bac-Le-Quyen-Noi-bolero-la-dong-nhac-kho-hat-nhat-la-thieu-hieu-biet-va-ngu-dot', 7, 'Vừa qua, xuất hiện một sự kiện ở Hà Nội, Lệ Quyên gây chú ý khi trả lời câu hỏi có áp lực hay không khi “lấn sân” sang nhạc Trịnh dù đang rất thành công với bolero.', '<p><span style=\"font-size:20px\">Chia sẻ của Duy Mạnh khiến nhiều kh&aacute;n giả li&ecirc;n tưởng đến ph&aacute;t ng&ocirc;n của Lệ Quy&ecirc;n c&aacute;ch đ&acirc;y kh&ocirc;ng l&acirc;u.</span></p>\r\n\r\n<p><span style=\"font-size:14px\">Vừa qua, xuất hiện một sự kiện ở H&agrave; Nội,&nbsp;<strong>Lệ Quy&ecirc;n</strong>&nbsp;g&acirc;y ch&uacute; &yacute; khi trả lời c&acirc;u hỏi c&oacute; &aacute;p lực hay kh&ocirc;ng khi &ldquo;lấn s&acirc;n&rdquo; sang nhạc Trịnh d&ugrave; đang rất th&agrave;nh c&ocirc;ng với bolero.</span></p>\r\n\r\n<p><span style=\"font-size:14px\">C&ocirc; n&oacute;i:<em>&nbsp;&ldquo;T&ocirc;i c&oacute; &aacute;p lực kh&ocirc;ng? Nh&igrave;n lại trước khi Lệ Quy&ecirc;n h&aacute;t bolero, chắc c&oacute; nhắm mắt, nằm mơ mọi người cũng chẳng bao giờ nghĩ Quy&ecirc;n h&aacute;t được như thế. Khi đ&atilde; đảm nhiệm được vai tr&ograve; h&aacute;t bolero rồi, th&igrave; kh&ocirc;ng c&ograve;n một thể loại nhạc n&agrave;o kh&oacute; hơn, ch&ocirc;ng gai hơn như vậy nữa&rdquo;.</em></span></p>\r\n\r\n<p><span style=\"font-size:14px\">Ngay sau khi chia sẻ, ph&aacute;t ng&ocirc;n của Lệ Quy&ecirc;n g&acirc;y x&ocirc;n xao cộng đồng mạng. Một v&agrave;i người tỏ ra băn khoăn khi &ldquo;nữ ho&agrave;ng ph&ograve;ng tr&agrave;&rdquo; khẳng định khi đ&atilde; h&aacute;t được bolero th&igrave; kh&ocirc;ng c&ograve;n thể loại n&agrave;o kh&oacute; hơn.</span></p>\r\n\r\n<p><span style=\"font-size:14px\">Kh&ocirc;ng chỉ kh&aacute;n giả, nam ca sĩ Duy Mạnh cũng b&agrave;y tỏ quan điểm về vấn đề n&agrave;y. D&ugrave; anh kh&ocirc;ng n&ecirc;u đ&iacute;ch danh t&ecirc;n ai nhưng một số người h&acirc;m mộ vẫn cho rằng đ&acirc;y l&agrave; &yacute; kiến phản b&aacute;c Lệ Quy&ecirc;n.</span></p>\r\n\r\n<p><span style=\"font-size:14px\"><em>&ldquo;D&ograve;ng nhạc bolero kh&ocirc;ng phải l&agrave; d&ograve;ng nhạc kh&oacute; h&aacute;t nhất. Nếu ai n&oacute;i d&ograve;ng nhạc bolero l&agrave; d&ograve;ng nhạc kh&oacute; h&aacute;t nhất v&agrave; h&aacute;t được d&ograve;ng nhạc bolero rồi, th&igrave; kh&ocirc;ng ngại g&igrave; c&aacute;c d&ograve;ng kh&aacute;c, đ&oacute; l&agrave; thiếu hiểu biết v&agrave; ngu dốt.</em></span></p>\r\n\r\n<p><span style=\"font-size:14px\"><em>D&ograve;ng nhạc bolero, c&aacute;ch m&agrave; mọi người vẫn hay gọi n&ocirc;m na l&agrave; bolero, thực ra n&oacute; l&agrave; d&ograve;ng nhạc trữ t&igrave;nh mang &acirc;m hưởng giai điệu qu&ecirc; hương. Đến b&acirc;y giờ n&oacute; vẫn chưa c&oacute; một c&aacute;i t&ecirc;n ch&iacute;nh thức để gọi, hầu hết mỗi người gọi theo một kiểu kh&aacute;c nhau.</em></span></p>\r\n\r\n<p><span style=\"font-size:14px\"><em>D&ograve;ng nhạc n&agrave;y cũng kh&ocirc;ng hề kh&oacute; h&aacute;t, n&oacute; l&agrave; cảm nhận v&agrave; đam m&ecirc; của từng c&aacute; nh&acirc;n, bạn kh&ocirc;ng cần phải học qua trường lớp, bạn vẫn c&oacute; thể h&aacute;t được d&ograve;ng nhạc n&agrave;y, điều quan trọng l&agrave; bạn c&oacute; thể hiện ra được c&aacute;i chất, c&aacute;i hồn của b&agrave;i h&aacute;t hay kh&ocirc;ng&rdquo; -&nbsp;</em>anh n&oacute;i.</span></p>\r\n\r\n<p><span style=\"font-size:14px\">Duy Mạnh nhấn mạnh, d&ograve;ng nhạc kh&oacute; h&aacute;t, đ&ograve;i hỏi tr&igrave;nh độ cao nhất ch&iacute;nh l&agrave; d&ograve;ng nhạc cổ điển, nhạc Opera. D&ograve;ng nhạc n&agrave;y nếu kh&ocirc;ng học qua trường lớp, sẽ kh&ocirc;ng bao giờ h&aacute;t đ&uacute;ng kỹ thuật.</span></p>\r\n\r\n<p><span style=\"font-size:14px\">Sau khi đăng tải, kh&aacute; nhiều kh&aacute;n giả đồng t&igrave;nh với Duy Mạnh. B&ecirc;n cạnh đ&oacute;, cũng c&oacute; &yacute; kiến b&ecirc;nh vực Lệ Quy&ecirc;n v&igrave; c&ocirc; kh&ocirc;ng so s&aacute;nh độ kh&oacute; giữa bolero v&agrave; nhạc Trịnh. Trong chia sẻ với b&aacute;o ch&iacute;, giọng ca&nbsp;<em>Giấc mơ c&oacute; thật</em>&nbsp;n&oacute;i r&otilde;:<em>&nbsp;&ldquo;Nhạc Trịnh kh&ocirc;ng so s&aacute;nh về độ kh&oacute; m&agrave; so về cảm x&uacute;c. Nhạc Trịnh gần hơn, giống hơn với nhạc trẻ, nhạc tiền chiến.</em></span></p>\r\n\r\n<p><span style=\"font-size:14px\"><em>Bởi vậy để n&oacute;i về m&agrave;u sắc, thể loại n&agrave;y kh&ocirc;ng hẳn sẽ l&agrave;m kh&oacute; ca sĩ xuất th&acirc;n từ nhạc trẻ như t&ocirc;i. Tại sao h&aacute;t bolero trước v&agrave; đến 10 năm sau mới h&aacute;t nhạc Trịnh? V&igrave; t&ocirc;i muốn học kỹ thuật c&oacute; được khi h&aacute;t bolero để đưa v&agrave;o nhạc Trịnh, để c&oacute; cột hơi trường, mượt hơn&rdquo;.</em></span></p>\r\n\r\n<p>&nbsp;</p>\r\n', 'K6feNiyYY9', 1, 1, '18/01/2018', '2018-01-18 14:01:10', '2018-01-19 14:36:06'),
(10, 'public/images/1516372774portfolio-4columns-image3.png', 'Kỳ lạ món đồ uống từ than chỉ có thể tìm thấy ở một nơi duy nhất trên thế giới', 'Ky-la-mon-do-uong-tu-than-chi-co-the-tim-thay-o-mot-noi-duy-nhat-tren-the-gioi', 6, 'Những tín đồ của cafe hẳn sẽ rất mong được thưởng thức món cafe có 1-0-2 này.', '<p>Nhắc đến th&aacute;nh địa của cafe - người ta thường nghĩ đến Brazil. Thế nhưng c&oacute; một điều bất ngờ khi c&oacute; tới hai quốc gia nữa cũng nằm trong top 3 những quốc gia xuất khẩu cafe lớn tr&ecirc;n thế giới. Một trong số đ&oacute; c&oacute; Việt Nam v&agrave; một nước bạn cũng nằm trong khu vực Đ&ocirc;ng Nam &Aacute; đ&oacute; l&agrave; đất nước vạn đảo&nbsp;Indonesia.</p>\r\n\r\n<p>Nếu như bạn l&agrave; một t&iacute;n đồ của cafe&nbsp;v&agrave; lu&ocirc;n muốn kh&aacute;m ph&aacute; th&ecirc;m những hương vị kh&aacute;c lạ. H&atilde;y thử caf&eacute; than &ndash; loại đồ uống kh&ocirc;ng hề dễ t&igrave;m&nbsp;nhưng bất cứ ai c&oacute; cơ hội thưởng thức đều phải thừa nhận độ ngon v&agrave; sự đặc biệt của ch&uacute;ng.</p>\r\n\r\n<p>Th&agrave;nh phố Yogyakarta tại Indonesia c&oacute; lẽ l&agrave; nơi duy nhất tr&ecirc;n thế giới bạn mới c&oacute; thể thưởng thức được cốc caf&eacute; than đ&uacute;ng nghĩa bởi đ&acirc;y ch&iacute;nh l&agrave; nơi khởi nguồn cho mọi phi&ecirc;n bản caf&eacute;&nbsp;than kh&aacute;c.</p>\r\n\r\n<p>Được biết đến với t&ecirc;n&nbsp;gọi&nbsp;Kopi Joss (kopi: nghĩa l&agrave; cafe, joss: &acirc;m thanh khi than bỏ v&agrave;o caf&eacute;), cafe than&nbsp;ra đời từ c&aacute;ch đ&acirc;y gần 60 năm (năm 1960) bởi một chủ qu&aacute;n người địa phương thường gọi l&agrave; Pak Man hay như một số người chỉ đơn giản gọi &ocirc;ng l&agrave; Man.</p>\r\n\r\n<p>Cốc cafe than n&agrave;y về c&ocirc;ng thức cũng kh&ocirc;ng c&oacute; g&igrave; qu&aacute; đặc biệt,&nbsp;bao gồm bột cafe, 4 th&igrave;a đường v&agrave; nước đun s&ocirc;i. Tuy nhi&ecirc;n điểm ấn tượng v&agrave; cũng ch&iacute;nh l&agrave; thứ khiến cho cốc cafe than trở th&agrave;nh một thức uống kh&ocirc;ng nơi n&agrave;o c&oacute; ch&iacute;nh l&agrave; một vi&ecirc;n than n&oacute;ng được bỏ v&agrave;o cốc.</p>\r\n\r\n<p>Được biết, &yacute; tưởng n&agrave;y xuất ph&aacute;t khi một lần, &ocirc;ng Man đang pha cafe cho kh&aacute;ch v&agrave; đợi nước s&ocirc;i.&nbsp;Khi nh&igrave;n chăm ch&uacute; v&agrave;o những vi&ecirc;n than hồng rực tr&ecirc;n bếp, &ocirc;ng&nbsp;chợt l&oacute;e l&ecirc;n một &yacute; tưởng. &Ocirc;ng cho rằng&nbsp;những vi&ecirc;n than sẽ gi&uacute;p giải quyết c&aacute;c vấn đề về dạ d&agrave;y của &ocirc;ng. V&igrave; thế &ocirc;ng đ&atilde; lấy một vi&ecirc;n v&agrave; bỏ v&agrave;o cốc caf&eacute;. Thật kh&ocirc;ng ngờ &yacute; tưởng trong ph&uacute;t bất chợt ấy lại th&agrave;nh c&ocirc;ng bất ngờ.</p>\r\n\r\n<p>&nbsp;</p>\r\n', 'zJFC2tjbGY', 1, 1, '19/01/2018', '2018-01-19 14:39:34', '2018-01-19 14:39:34'),
(11, 'public/images/1516372888portfolio-4columns-image8.png', 'Hồng treo sấy gió Đà Lạt hút hàng dịp Tết', 'Hong-treo-say-gio-Da-Lat-hut-hang-dip-Tet', 6, 'Là thứ quả sạch, không chất bảo quản, được sấy khô bằng gió tự nhiên theo công nghệ Nhật Bản, hồng treo Đà Lạt hiện rất hút khách dù giá bán không rẻ.', '<p>Hồng treo gi&oacute; l&agrave; loại hồng được l&agrave;m kh&ocirc; bằng gi&oacute; tự nhi&ecirc;n v&agrave; thường chỉ l&agrave;m kh&ocirc; nhẹ, hồng vẫn c&ograve;n giữ được độ ẩm v&agrave; mềm, khi ăn thấy r&otilde; m&ugrave;i thơm của hồng hơn so với c&aacute;c loại hồng sấy, hồng l&agrave;m kh&ocirc; bằng c&aacute;c phương ph&aacute;p kh&aacute;c</p>\r\n\r\n<p>Hồng treo được lựa chọn từ những tr&aacute;i gi&agrave;, thường l&agrave; cuối m&ugrave;a.</p>\r\n\r\n<p>Hồng treo sấy dẻo l&agrave; m&oacute;n ăn ngon bắt nguồn từ Nhật Bản, hiện đang được một số doanh nghiệp v&agrave; c&ocirc;ng ty c&oacute; uy t&iacute;n sản xuất, b&aacute;n kh&aacute; nhiều tr&ecirc;n thị trường với mức gi&aacute; khoảng 230.000đ-250.000đ/ 500g.</p>\r\n\r\n<p>Trong điều kiện thời tiết thuận lợi, khoảng 7-10kg hồng tươi sẽ thu được 1kg hồng treo. Ch&iacute;nh v&igrave; thế hồng treo c&oacute; gi&aacute; kh&aacute; cao, trung b&igrave;nh khoảng 400.000-450.000 đồng/kg t&ugrave;y thời điểm.</p>\r\n\r\n<p>Hồng sấy treo được sấy theo c&ocirc;ng nghệ Nhật Bản, tr&aacute;i hồng được sấy kh&ocirc; bằng gi&oacute; v&agrave; nắng tự nhi&ecirc;n n&ecirc;n giữ nguy&ecirc;n hương vị v&agrave; kh&ocirc;ng sử dụng bất kỳ h&oacute;a chất n&agrave;o</p>\r\n', 'uds6J9JteF', 1, 1, '19/01/2018', '2018-01-19 14:41:28', '2018-01-19 14:41:28'),
(12, 'public/images/1516373054portfolio-4columns-image6.png', 'Kẹt xe hơn 6 giờ, ô tô mới chạy được 3km vào cảng Cát Lái chở hàng', 'Ket-xe-hon-6-gio-o-to-moi-chay-duoc-3km-vao-cang-Cat-Lai-cho-hang', 9, 'Hàng nghìn ô tô, container...nối đuôi nhau đứng bánh kéo dài từ cầu Rạch Chiếc dẫn vào cảng Tân Cảng - Cát Lái (Q.2, TP.HCM). Nhiều tài xế phải mất gần 6 giờ mới vào được cảng lấy hàng trên đoạn đường dài khoảng 3km.', '<p>C&agrave;ng gần về cuối năm, lượng h&agrave;ng h&oacute;a li&ecirc;n tục từ khắp mọi nơi trong nước đến quốc tế li&ecirc;n lục theo đường thủy đổ dồn về cảng T&acirc;n Cảng - C&aacute;t L&aacute;i (Q.2), k&eacute;o theo một lượng phương tiện xe tải, container khổng lồ li&ecirc;n tục cập cảng chở h&agrave;ng.</p>\r\n\r\n<p>Tuy nhi&ecirc;n, nhiều tuyến đường dẫn v&agrave;o cảng C&aacute;t L&aacute;i như: Đồng Văn Cống, Nguyễn Thị Định, V&agrave;nh Đai 2..., nhiều năm qua chưa được mở rộng khiến t&igrave;nh trạng kẹt xe tại khu vực thường xuy&ecirc;n diễn ra, đặc biệt v&agrave;o những ng&agrave;y cuối năm.</p>\r\n\r\n<p>L&uacute;c 16 giờ chiều 19.1, theo ghi nhận của b&aacute;o Thanh Ni&ecirc;n, xe container theo trục Xa Lộ H&agrave; Nội đổ về đại lộ Mai Ch&iacute; Thọ đi cảng C&aacute;t L&aacute;i khiến hướng giao th&ocirc;ng n&agrave;y &ugrave;n ứ kinh ho&agrave;ng. Theo đ&oacute;, h&agrave;ng ngh&igrave;n phương tiện nằm d&agrave;i hơn 1km tr&ecirc;n Xa Lộ H&agrave; Nội dẫn về cầu Rạch Chiếc.</p>\r\n\r\n<p>Tr&ecirc;n đại lộ Mai Ch&iacute; Thọ, hầu như to&agrave;n bộ l&agrave;n đường qua đ&acirc;y đều bị &ocirc; t&ocirc;, container xếp h&agrave;ng đậu chật cứng, b&iacute;t to&agrave;n bộ l&agrave;n đường d&agrave;nh cho xe m&aacute;y. Người đi xe m&aacute;y phải đồng loạt cho phương tiện chạy l&ecirc;n vỉa h&egrave;. T&igrave;nh trạng tr&ecirc;n cũng xảy ra tr&ecirc;n đường Đồng Văn Cống, Nguyễn Thị Định hướng về v&ograve;ng xoay Mỹ Thủy.</p>\r\n\r\n<p>Đặc biệt, tr&ecirc;n đường V&agrave;nh Đai 2, h&agrave;ng ngh&igrave;n &ocirc; t&ocirc; v&agrave; container cũng đứng b&aacute;nh tại chỗ k&eacute;o d&agrave;i từ đại lộ Nguyễn Văn Linh theo cầu Ph&uacute; Mỹ hướng về v&ograve;ng xoay Mỹ Thủy. Đến 18 giờ c&ugrave;ng ng&agrave;y, giao th&ocirc;ng qua khu vực vẫn chưa hết &ugrave;n ứ.</p>\r\n\r\n<p>Anh Nguyễn Văn Tuấn (32 tuổi, qu&ecirc; Ph&uacute; Y&ecirc;n), đang đậu xe tr&ecirc;n cầu Ph&uacute; Mỹ cho biết, d&ograve;ng phương tiện bắt đầu &ugrave;n ứ từ 13 giờ chiều, đến nay vẫn đang kẹt cứng kh&ocirc;ng thể di chuyển được.</p>\r\n\r\n<p>&lsquo;&lsquo;H&ocirc;m qua phải mất 6 giờ, t&ocirc;i mới cho xe chạy qua khỏi đoạn đường Đồng Văn Cống để hướng l&ecirc;n cao tốc TP.HCM - Long Th&agrave;nh - Dầu Gi&acirc;y. T&iacute;nh đến b&acirc;y giờ, t&ocirc;i cho xe đứng b&aacute;nh tr&ecirc;n đoạn đường n&agrave;y đ&atilde; gần 5 giờ, kh&ocirc;ng biết đến khi n&agrave;o mới cho xe qua khỏi khu vực n&agrave;y, vừa đ&oacute;i v&agrave; mệt mỏi&rsquo;&rsquo;, anh Tuấn than thở.</p>\r\n\r\n<p>&nbsp;</p>\r\n', 'GrDK8Rgkq3', 1, 0, '19/01/2018', '2018-01-19 14:44:14', '2018-01-20 03:18:59'),
(13, 'public/images/1516373467blog-thumbnail03.png', 'Mượn ô tô của bạn, lái xe từ Đà Nẵng ra Huế để trộm', 'Muon-o-to-cua-ban-lai-xe-tu-Da-Nang-ra-Hue-de-trom', 8, 'Toàn bộ số tài sản trị giá hơn 130 triệu đồng do Anh trộm cắp được chất lên xe ôtô rồi chở vào TP Đà Nẵng cất giấu thì bị Công an TP Huế bắt giữ', '<p>Chiều 19-1, Cơ quan CSĐT C&ocirc;ng an TP Huế (tỉnh Thừa Thi&ecirc;n - Huế) cho biết, đơn vị vừa thực hiện lệnh bắt tạm giam đối tượng L&ecirc; Đức Anh (27 tuổi, tr&uacute; quận Li&ecirc;n Chiểu, TP Đ&agrave; Nẵng) để điều tra l&agrave;m r&otilde; h&agrave;nh vi trộm cắp t&agrave;i sản.</p>\r\n\r\n<p>Trước đ&oacute;, để thực hiện h&agrave;nh vi trộm cắp t&agrave;i sản,&nbsp; Anh đ&atilde; theo d&otilde;i v&agrave; nhận thấy trụ sở C&ocirc;ng ty CP Đất Xanh Bắc Miền Trung (đ&oacute;ng tr&ecirc;n đường Ho&agrave;ng Quốc Việt, phường An Đ&ocirc;ng, TP Huế) thường kh&ocirc;ng c&oacute; người tr&ocirc;ng giữ v&agrave;o ban đ&ecirc;m.</p>\r\n\r\n<p>Để thực hiện &yacute; đồ trộm cắp, Anh&nbsp;mượn xe &ocirc;t&ocirc; của bạn v&agrave; l&aacute;i xe n&agrave;y từ Đ&agrave; Nẵng ra Huế.&nbsp;</p>\r\n\r\n<p>Rạng s&aacute;ng 16-1, Anh đột nhập v&agrave;o trụ sở C&ocirc;ng ty Đất Xanh Bắc Miền Trung &quot;khoắng&quot; to&agrave;n bộ t&agrave;i sản b&ecirc;n trong C&ocirc;ng ty n&agrave;y, gồm: 2 tivi m&agrave;n h&igrave;nh cảm ứng k&egrave;m theo 2 CPU m&aacute;y t&iacute;nh, 1 tivi Samsung 52 inch m&agrave;n h&igrave;nh phẳng, 1 bộ m&aacute;y t&iacute;nh để b&agrave;n, 2 laptop hiệu Dell v&agrave; Macbook c&ugrave;ng 1 m&aacute;y ảnh hiệu Canon, tổng gi&aacute; trị hơn 130 triệu đồng.&nbsp;</p>\r\n\r\n<p>Sau khi trộm, số t&agrave;i sản n&agrave;y Anh khu&acirc;n l&ecirc;n xe &ocirc;t&ocirc; rồi chở v&agrave;o Đ&agrave; Nẵng cất giấu chờ ti&ecirc;u thụ.&nbsp;</p>\r\n\r\n<p>Nhận được tin b&aacute;o, C&ocirc;ng an TP Huế nhanh ch&oacute;ng triển khai c&aacute;c biện ph&aacute;p nghiệp vụ v&agrave; bắt được đối tượng L&ecirc; Đức Anh.</p>\r\n', 'nMQFulSnXl', 1, 1, '19/01/2018', '2018-01-19 14:51:07', '2018-01-19 14:51:07'),
(14, 'public/images/1516373506blog-thumbnail.png', 'Tội ác ghê sợ của kẻ sát siết cổ bé gái 9 tuổi đến chết rồi thực hiện hành vi dâm ô', 'Tọi-ác-ghe-sọ-của-ke-sat-siét-cỏ-be-gai-9-tuoi-dén-chét-ròi-thục-hiẹn-hành-vi-dam-o', 8, 'Tức tối vì thấy con gái mình bị chửi, Phạm Văn Củ đã ra tay giết chết cháu bé rồi lấy đi đôi bông tai, hiếp dâm nạn nhân', '<p>H&ocirc;m nay (19/1), TAND tỉnh Đồng Th&aacute;p tuy&ecirc;n phạt bị c&aacute;o Phạm Văn Củ (34 tuổi, ngụ x&atilde; Thường Thới Tiền, huyện Hồng Ngự, Đồng Th&aacute;p) mức &aacute;n tử h&igrave;nh về tội &ldquo;Giết người&rdquo;, 5 năm t&ugrave; cho hai tội &ldquo;D&acirc;m &ocirc; với trẻ em&rdquo; v&agrave; &ldquo;Cướp t&agrave;i sản&rdquo;. Tổng h&igrave;nh phạt l&agrave; tử h&igrave;nh.</p>\r\n\r\n<p>Nạn nh&acirc;n trong vụ &aacute;n l&agrave; em Nguyễn Thị Kim N. (9 tuổi, học sinh lớp 2 Trường Tiểu học Thường Thới Tiền 1).&nbsp;Theo c&aacute;o trạng, ng&agrave;y 20/4/2017, b&eacute; N. đi ngang nh&agrave; của Củ v&agrave; chửi con g&aacute;i của người đ&agrave;n &ocirc;ng n&agrave;y. Tức giận, Củ đi theo sau b&eacute; N. Khi đến đoạn đường vắng, ph&aacute;t hiện Củ đi ph&iacute;a sau n&ecirc;n b&eacute; N. bỏ chạy.</p>\r\n\r\n<p>Tuy nhi&ecirc;n, Củ đuổi theo v&agrave; d&ugrave;ng tay bịt miệng, mũi v&agrave; b&oacute;p cổ cháu bé khoảng 5 ph&uacute;t th&igrave; ph&aacute;t hiện nạn nh&acirc;n kh&ocirc;ng c&ograve;n cử động. Sau đ&oacute;, Củ k&eacute;o x&aacute;c nạn nh&acirc;n đến ao nước gần đ&oacute; rồi thả xuống.</p>\r\n\r\n<p>Thời điểm n&agrave;y, kẻ s&aacute;t nh&acirc;n ph&aacute;t hiện c&ocirc; bé c&oacute; đeo đ&ocirc;i b&ocirc;ng tai bằng v&agrave;ng n&ecirc;n lấy bỏ v&agrave;o t&uacute;i quần. Đặc biệt, sau khi lấy t&agrave;i sản, Hắn c&ograve;n thực hiện h&agrave;nh vi đồi bại với nạn nh&acirc;n. G&acirc;y &aacute;n xong th&igrave; Củ bỏ về nh&agrave;.</p>\r\n\r\n<p>Chiều c&ugrave;ng ng&agrave;y, gia đ&igrave;nh kh&ocirc;ng thấy N. về n&ecirc;n chia nhau đi t&igrave;m. Đến khoảng 11h h&ocirc;m sau, mọi người ph&aacute;t hiện thi thể b&eacute; N. nổi dưới ao c&aacute;. Qu&aacute; tr&igrave;nh điều tra, Củ thừa nhận h&agrave;nh vi phạm tội của m&igrave;nh.</p>\r\n', 'kJzMZdyUhE', 1, 0, '19/01/2018', '2018-01-19 14:51:46', '2018-01-20 03:19:01'),
(15, 'public/images/1516373588member-photo2.png', 'Bị phê bình vì phát ngôn thiếu chuẩn mực với nữ phóng viên', 'Bi-phe-binh-vi-phat-ngon-thieu-chuan-muc-voi-nu-phong-vien', 10, 'Có những phát ngôn thiếu chuẩn mực với nữ phóng viên, môt Phó Ban chuyên trách ở Cà Mau bị phê bình.', '<p>Chiều tối 19/1, nguồn tin B&aacute;o Giao th&ocirc;ng cho biết, UBND tỉnh C&agrave; Mau vừa c&oacute; c&ocirc;ng văn ph&ecirc; b&igrave;nh nghi&ecirc;m t&uacute;c đối với &ocirc;ng Đo&agrave;n Văn B&igrave;nh, Ph&oacute; Ban chuy&ecirc;n tr&aacute;ch Văn ph&ograve;ng điều phối c&aacute;c chương tr&igrave;nh mục ti&ecirc;u quốc gia tỉnh.</p>\r\n\r\n<p>L&yacute; do, &ocirc;ng B&igrave;nh bị ph&ecirc; b&igrave;nh v&igrave; ph&aacute;t ng&ocirc;n tại Hội nghị ng&agrave;y 8/11/2017 ở x&atilde; Biển Bạch Đ&ocirc;ng, huyện Thới B&igrave;nh chưa nghi&ecirc;m t&uacute;c, khi&ecirc;m tốn, ng&ocirc;n ngữ giao tiếp thiếu chuẩn mực, g&acirc;y bức x&uacute;c đối với ph&oacute;ng vi&ecirc;n v&agrave; tập thể tờ b&aacute;o.</p>\r\n\r\n<p>Ch&iacute;nh v&igrave; vậy, Chủ tịch UBND tỉnh C&agrave; Mau y&ecirc;u cầu &ocirc;ng B&igrave;nh nghi&ecirc;m t&uacute;c r&uacute;t kinh nghiệm v&agrave; khẩn trương khắc phục những sai s&oacute;t, khuyết điểm của m&igrave;nh. Đồng thời, đề nghị đơn vị n&agrave;y kiểm điểm đối với &ocirc;ng B&igrave;nh theo đ&uacute;ng quy định.</p>\r\n\r\n<p>Tuy nhi&ecirc;n, khi trả lời với b&aacute;o ch&iacute;, &ocirc;ng Đo&agrave;n Văn B&igrave;nh l&yacute; giải, do sơ suất khi ph&aacute;t ng&ocirc;n.</p>\r\n\r\n<p>Trước đ&oacute;, nữ ph&oacute;ng vi&ecirc;n gửi đơn đến cơ quan chức năng tỉnh C&agrave; Mau y&ecirc;u cầu l&agrave;m r&otilde; những ph&aacute;t ng&ocirc;n của &ocirc;ng B&igrave;nh, v&igrave; cho rằng c&aacute;n bộ n&agrave;y c&oacute; những lời lẽ mang t&iacute;nh chất nhục mạ bản th&acirc;n, l&agrave;m ảnh hưởng đến uy t&iacute;n tờ b&aacute;o khi đọc một b&agrave;i b&aacute;o m&agrave; m&igrave;nh viết khi phản &aacute;nh về những kh&oacute; khăn, thiếu thốn tại x&atilde; Biển Bạch Đ&ocirc;ng.</p>\r\n', 'DWEtDgMnFs', 1, 1, '19/01/2018', '2018-01-19 14:53:08', '2018-01-19 14:53:08'),
(16, 'public/images/1516373677member-photo3.png', 'Bộ GD-ĐT chính thức công bố Dự thảo chương trình Giáo dục phổ thông mới', 'Bo-GD-DT-chinh-thuc-cong-bo-Du-thao-chuong-trinh-Giao-duc-pho-thong-moi', 10, 'Chương trình giáo dục phổ thông mới có 20 môn, trong đó có những môn học bắt buộc xuyên suốt từ lớp 1 đến lớp 12 như tiếng Việt/ngữ văn, Toán, Giáo dục công dân, Giáo dục thể chất, Hoạt động trải nghiệm, Hướng nghiệp.', '<p>Chiều ng&agrave;y 19/1, Bộ Gi&aacute;o dục - Đ&agrave;o tạo (GD-ĐT) đ&atilde; c&ocirc;ng bố Dự thảo chương tr&igrave;nh m&ocirc;n học mới từ cấp tiểu học đến Trung học phổ th&ocirc;ng (THPT).&nbsp;</p>\r\n\r\n<p>GS. Nguyễn Minh Thuyết - Tổng chủ bi&ecirc;n chương tr&igrave;nh gi&aacute;o dục phổ th&ocirc;ng (GDPT) mới đ&atilde; th&ocirc;ng b&aacute;o chương tr&igrave;nh phổ th&ocirc;ng mới. Theo đ&oacute;, chương tr&igrave;nh GDPT mới c&oacute; 20 m&ocirc;n/hoạt động gi&aacute;o dục. Trong đ&oacute;, c&oacute; những m&ocirc;n học bắt buộc xuy&ecirc;n suốt từ lớp 1 đến lớp 12 như: tiếng Việt/ngữ văn, To&aacute;n, Gi&aacute;o dục c&ocirc;ng d&acirc;n, Gi&aacute;o dục thể chất, Hoạt động trải nghiệm, Hướng nghiệp...<br />\r\n<br />\r\nTổng chủ bi&ecirc;n Nguyễn Minh Thuyết v&agrave; chủ bi&ecirc;n một số m&ocirc;n cho hay sẽ c&oacute; nhiều thay đổi về nội dung so với chương tr&igrave;nh hiện h&agrave;nh. Hầu hết m&ocirc;n học trong chương tr&igrave;nh lần n&agrave;y hướng đến mục ti&ecirc;u h&igrave;nh th&agrave;nh v&agrave; ph&aacute;t triển c&aacute;c năng lực cho người học, đặc biệt l&agrave; năng lực vận dụng kiến thức v&agrave;o giải quyết vấn đề của thực tiễn. Nội dung mang t&iacute;nh ứng dụng được đẩy mạnh, phương ph&aacute;p gi&aacute;o dục t&iacute;ch cực, đặc biệt l&agrave; thực h&agrave;nh, th&iacute; nghiệm được đề cao.</p>\r\n\r\n<p>Chương tr&igrave;nh GDPT mới c&oacute; 4 đặc điểm. C&aacute;c chương tr&igrave;nh m&ocirc;n học c&oacute; nội dung gắn với mỗi cấp học v&agrave; những y&ecirc;u cầu cần đạt cụ thể (mức độ biểu hiện cụ thể của năng lực cần hướng tới). Chương tr&igrave;nh tập trung ph&aacute;t triển năng lực học sinh; trong đ&oacute; năng lực l&agrave; sự kết hợp tố chất, ph&acirc;n h&oacute;a ph&aacute;t triển kỹ năng của học sinh. Ngay từ lớp 1 tr&ecirc;n cơ sở thể lực học sinh được sắp xếp c&aacute;c học phần kh&aacute;c nhau (điền kinh, bơi lội, cầu l&ocirc;ng...).</p>\r\n\r\n<p>Chương tr&igrave;nh mới thực hiện t&iacute;ch hợp c&aacute;c m&ocirc;n v&agrave; li&ecirc;n m&ocirc;n. Một số m&ocirc;n học t&iacute;ch hợp mới như: Lịch sử v&agrave; Địa l&yacute; (cấp THCS), Khoa học (cấp tiểu học), Khoa học tự nhi&ecirc;n (THCS), Gi&aacute;o dục kinh tế v&agrave; ph&aacute;p luật; một số m&ocirc;n học/hoạt động gi&aacute;o dục lần đầu ti&ecirc;n được đưa v&agrave;o chương tr&igrave;nh dưới h&igrave;nh thức bắt buộc l&agrave;: Hoạt động trải nghiệm, Hướng nghiệp, Tin học; hay m&ocirc;n học tự chọn ở cấp THPT như m&ocirc;n Nghệ thuật&hellip;<br />\r\n<br />\r\nC&aacute;c chương tr&igrave;nh đều &aacute;p dụng phương ph&aacute;p tổ chức hoạt động. Học sinh th&ocirc;ng qua hoạt động trải nghiệm s&aacute;ng tạo sẽ chiếm lĩnh l&yacute; thuyết m&ocirc;n học, r&egrave;n luyện c&aacute;c kỹ năng ph&ugrave; hợp lứa tuổi, tr&igrave;nh độ mỗi lớp.<br />\r\n<br />\r\nDự kiến th&aacute;ng 4/2018, Bộ GD-ĐT sẽ ban h&agrave;nh được Chương tr&igrave;nh GDPT mới. Về h&igrave;nh thức thi tốt nghiệp THPT, từ nay đến năm 2020 h&igrave;nh thức thi tốt nghiệp được giữ ổn định như hiện nay.</p>\r\n\r\n<p>Nhiều &yacute; kiến về chương tr&igrave;nh m&ocirc;n Ngữ văn ở bậc phổ th&ocirc;ng mới sẽ kh&ocirc;ng c&ograve;n l&agrave; bản thu nhỏ của khoa học Ngữ văn như hiện nay m&agrave; tinh giản, chỉ đưa v&agrave;o nội dung gi&uacute;p học sinh ph&aacute;t triển phẩm chất v&agrave; năng lực: đọc hiểu, giao tiếp tốt, biết cảm thụ, thưởng thức văn chương.<br />\r\n<br />\r\nChương tr&igrave;nh mới được x&acirc;y dựng theo hướng mở, kh&ocirc;ng quy định chi tiết về nội dung dạy học v&agrave; c&aacute;c văn bản cụ thể. Cả chương tr&igrave;nh chỉ c&ograve;n 6 t&aacute;c phẩm văn học bắt buộc, gồm: Nam quốc sơn h&agrave; tương truyền của L&yacute; Thường Kiệt, Hịch tướng sĩ của Trần Quốc Tuấn, B&igrave;nh Ng&ocirc; đại c&aacute;o của Nguyễn Tr&atilde;i, Truyện Kiều của Nguyễn Du, Văn tế nghĩa sĩ Cần Giuộc của Nguyễn Đ&igrave;nh Chiểu, Tuy&ecirc;n ng&ocirc;n độc lập của Hồ Ch&iacute; Minh.<br />\r\n<br />\r\nChủ bi&ecirc;n chương tr&igrave;nh m&ocirc;n ngữ Văn, PGS.TS Đỗ Ngọc Thống trả lời: Chương tr&igrave;nh mới kh&ocirc;ng chạy theo số lượng t&aacute;c phẩm của cả nền văn học m&agrave; chỉ chọn lọc t&aacute;c phẩm ti&ecirc;u biểu cho mỗi thể loại... Số lượng văn bản mang t&iacute;nh chất mẫu giảm đi, thời gian d&agrave;nh cho việc khai th&aacute;c một t&aacute;c phẩm tăng l&ecirc;n. Gi&aacute;o vi&ecirc;n do đ&oacute; sẽ c&oacute; thời gian hướng dẫn học sinh t&igrave;m hiểu s&acirc;u hơn về t&aacute;c phẩm, c&oacute; nhiều thời gian trao đổi, thảo luận v&agrave; thấm nhuần gi&aacute; trị của t&aacute;c phẩm.&nbsp;<br />\r\n<br />\r\nTrả lời những c&acirc;u hỏi về m&ocirc;n Lịch sử v&agrave; Địa l&yacute; được t&iacute;ch hợp th&agrave;nh một m&ocirc;n ở cấp tiểu học v&agrave; THCS. Đặc biệt, nội dung gi&aacute;o dục Lịch sử lần n&agrave;y, theo chủ bi&ecirc;n Phạm Hồng Tung, sẽ &quot;kh&ocirc;ng c&oacute; khoảng trống&quot;.<br />\r\n<br />\r\n&quot;Chương tr&igrave;nh Lịch sử mới được x&acirc;y dựng tr&ecirc;n quan điểm kh&ocirc;ng c&oacute; g&igrave; kh&ocirc;ng thể n&oacute;i v&agrave; kh&ocirc;ng được n&oacute;i... Những chuyện trong qu&aacute; khứ, v&igrave; l&yacute; do n&agrave;o đ&oacute; trước đ&acirc;y ch&uacute;ng ta n&eacute; tr&aacute;nh hoặc chưa dạy thấu đ&aacute;o, giờ đều c&oacute; thể được đưa v&agrave;o, sao cho ph&ugrave; hợp với năng lực nhận thức v&agrave; t&acirc;m l&yacute; lứa tuổi của học sinh&quot;, GS. Tung n&oacute;i.</p>\r\n\r\n<p>B&aacute;o ch&iacute; cũng quan t&acirc;m nhiều đến chương tr&igrave;nh GDPT mới về m&ocirc;n học Hoạt động trải nghiệm s&aacute;ng tạo sẽ g&acirc;y tốn k&eacute;m cho cả phụ huynh v&agrave; học sinh v&igrave; trước nay hoạt động trải nghiệm s&aacute;ng tạo thường được học ngo&agrave;i giờ v&agrave; phụ huynh phải đ&oacute;ng tiền th&ecirc;m.&nbsp;Trả lời về vấn đề n&agrave;y, PGS.TS Vũ Thị Kim Thoa - phụ tr&aacute;ch chương tr&igrave;nh m&ocirc;n học Trải nghiệm s&aacute;ng tạo khẳng định: Trải nghiệm s&aacute;ng tạo l&agrave; m&ocirc;n học bắt buộc từ lớp 1-12, nằm trong chương tr&igrave;nh GDPT mới. Theo đ&oacute;, học sinh được tham gia trải nghiệm s&aacute;ng tạo trong lớp học, ngo&agrave;i lớp học, trong nh&agrave; trường, ngo&agrave;i nh&agrave; trường để l&agrave;m sao h&igrave;nh th&agrave;nh, ph&aacute;t triển được c&aacute;c năng lực, phẩm chất của ri&ecirc;ng m&igrave;nh. Nội dung gi&aacute;o dục hướng nghiệp cũng sẽ được thực hiện trong c&aacute;c m&ocirc;n học v&agrave; cả hoạt động trải nghiệm. Mục đ&iacute;ch cần đạt l&agrave; giới thiệu về thế giới nghề nghiệp, cho học sinh hiểu y&ecirc;u cầu cần c&oacute; của thị trường đối với người lao động; l&agrave;m sao học sinh c&oacute; thể kh&aacute;m ph&aacute; năng lực phẩm chất cần chuẩn bị khi bước ra thị trường lao động.<br />\r\n<br />\r\nDự thảo c&aacute;c chương tr&igrave;nh m&ocirc;n học đ&atilde; được c&aacute;c Vụ, Cục c&oacute; li&ecirc;n quan thuộc Bộ GD-ĐT v&agrave; một số chuy&ecirc;n gia gi&aacute;o dục, nh&agrave; khoa học, giảng vi&ecirc;n trường sư phạm, gi&aacute;o vi&ecirc;n cốt c&aacute;n tiểu học, trung học cơ sở, trung học phổ th&ocirc;ng đại diện cho đội ngũ gi&aacute;o vi&ecirc;n tr&ecirc;n phạm vi cả nước g&oacute;p &yacute;.<br />\r\n<br />\r\nDự thảo c&aacute;c m&ocirc;n học sẽ được c&ocirc;ng bố tại Cổng th&ocirc;ng tin điện tử của Bộ GD-ĐT v&agrave; c&aacute;c phương tiện th&ocirc;ng tin đại ch&uacute;ng để lấy &yacute; kiến. Bộ sẽ lấy &yacute; kiến g&oacute;p &yacute; rộng r&atilde;i của c&aacute;c tầng lớp x&atilde; hội trong 60 ng&agrave;y. Sau đ&oacute;, Ban soạn thảo sẽ tiếp tục ho&agrave;n thiện dựa tr&ecirc;n những &yacute; kiến đ&oacute;ng g&oacute;p.</p>\r\n', 'g9wxepjgk6', 1, 1, '19/01/2018', '2018-01-19 14:54:37', '2018-01-19 14:54:37'),
(17, 'public/images/1516373724gallery07.png', 'Vụ cô gái bị người đàn ông ngoại quốc tẩm xăng đốt: Nghi phạm có thể trốn sang Philippines', 'Vu-co-gai-bi-nguoi-dan-ong-ngoai-quoc-tam-xang-dot-Nghi-pham-co-the-tron-sang-Philippines', 8, 'Người đàn ông ngoại quốc nghi thiêu sống chị H. tại quận Tây Hồ, Hà Nội, được cho là đã trốn sang Philippines.', '<p>Khoảng hơn 17h chiều 15/1, chị Nguyễn Thị H. đang ở tiệm may tr&ecirc;n phố Đặng Thai Mai th&igrave; bị người đ&agrave;n &ocirc;ng ngoại quốc đi bộ, bịt mặt lao thẳng v&agrave;o cửa h&agrave;ng hất xăng l&ecirc;n người chị rồi ch&acirc;m lửa đốt.</p>\r\n\r\n<p>Chỉ trong nh&aacute;y mắt, ngọn lửa b&ugrave;ng l&ecirc;n dữ dội khiến chị H. hốt hoảng th&aacute;o chạy ra ngo&agrave;i cầu cứu. Ngay sau đ&oacute;, một số nh&acirc;n vi&ecirc;n qu&aacute;n bia đối diện đ&atilde; d&ugrave;ng nước hất l&ecirc;n người chị rồi nhanh ch&oacute;ng đưa nạn nh&acirc;n đi bệnh viện cấp cứu. C&aacute;c b&aacute;c sĩ cho biết, chị H bị bỏng nặng 70%, nhiều bộ phận tr&ecirc;n cơ thể ch&aacute;y s&eacute;m v&agrave; phải điều trị l&acirc;u d&agrave;i.</p>\r\n\r\n<p>Theo trang&nbsp;<em>Philippineslifestyle</em>,&nbsp;người đ&agrave;n &ocirc;ng nghi tẩm xăng đốt&nbsp;chị Nguyễn Thị H c&oacute; thể đ&atilde; bỏ trốn sang&nbsp;Philippines. Người n&agrave;y được cho l&agrave; c&oacute; t&igrave;nh cảm với chị H. Anh ta tỏ ra nổi giận khi nh&igrave;n thấy chị ở b&ecirc;n người đ&agrave;n &ocirc;ng kh&aacute;c.</p>\r\n\r\n<p>Sau khi sự việc xảy ra, một t&agrave;i khoản Facebook t&ecirc;n&nbsp;Alan A Nicholls đ&atilde; đăng b&agrave;i viết k&ecirc;u gọi cộng đồng mạng c&ugrave;ng chia sẻ v&agrave; t&igrave;m ra thủ phạm. Anh cũng cho biết kẻ tấn c&ocirc;ng đ&atilde; chạy trốn sang Philippines.</p>\r\n\r\n<p>&ldquo;Bất cứ ai nh&igrave;n thấy kẻ xấu n&agrave;y h&atilde;y li&ecirc;n hệ với t&ocirc;i hoặc cảnh s&aacute;t địa phương. Hắn ta tẩm xăng đốt bạn g&aacute;i m&igrave;nh, khiến c&ocirc; bị bỏng 60% v&agrave; c&ograve;n g&acirc;y li&ecirc;n luỵ đến vợ c&ugrave;ng con g&aacute;i 2 tuổi của t&ocirc;i. Hắn ta đ&atilde; chạy trốn sang Philippines h&ocirc;m thứ hai&rdquo;.</p>\r\n\r\n<p>Dưới d&ograve;ng chia sẻ của&nbsp;Nicholls, một số người cho hay nghi phạm c&oacute; t&ecirc;n Gary, khoảng 50 tuổi, đến từ thị trấn&nbsp;Blackpool, Anh. Một số th&ocirc;ng tin cho rằng đối tượng đ&atilde; vượt bi&ecirc;n sang Th&aacute;i Lan.</p>\r\n\r\n<p>Li&ecirc;n quan đến vụ việc tr&ecirc;n, s&aacute;ng 19/1, l&atilde;nh đạo C&ocirc;ng an phường Quảng An x&aacute;c nhận tr&ecirc;n địa b&agrave;n c&oacute; xảy ra vụ việc như tr&ecirc;n. Hiện C&ocirc;ng an quận đang phối hợp với Ph&ograve;ng CSHS C&ocirc;ng an TP H&agrave; Nội điều tra, truy bắt hung thủ.</p>\r\n', 'SZFFnenj5U', 1, 1, '19/01/2018', '2018-01-19 14:55:24', '2018-01-19 14:55:24');
INSERT INTO `menu_list_blog` (`id`, `avatar`, `name`, `metaTitle`, `catalog`, `description`, `content`, `token`, `hot`, `new`, `dateTime`, `created`, `updated`) VALUES
(18, 'public/images/1516373958portfolio-4columns-image7.png', '3 cách nấu bò kho mềm ngon, đậm đà cả nhà đều thích', '3-cach-nau-bo-kho-mem-ngon-dam-da-ca-nha-deu-thich', 6, 'Cách nấu bò kho nào cũng cho ra món ăn vừa miệng, đậm vị lại thơm phức, chắc chắn sẽ trôi cơm vô cùng.', '<p><span style=\"color:#2980b9\"><strong>B&Ograve; KHO</strong></span></p>\r\n\r\n<p><strong>Nguy&ecirc;n liệu:</strong></p>\r\n\r\n<p>- 1 kg thịt nạm b&ograve;</p>\r\n\r\n<p>- 700g c&agrave; rốt</p>\r\n\r\n<p>- 1 g&oacute;i bột gia vị b&ograve; kho</p>\r\n\r\n<p>- 1 hũ b&ograve; kho dầu</p>\r\n\r\n<p>- 1 hũ sốt c&agrave; chua</p>\r\n\r\n<p>- 2 muỗng canh bột bắp (hoặc bột năng)</p>\r\n\r\n<p>- 4 c&acirc;y sả; 1 củ gừng; 10 củ h&agrave;nh t&iacute;m; 1 củ tỏi</p>\r\n\r\n<p>- Ớt tươi, chanh; Gia vị: muối, đường ti&ecirc;u bột ngọt (nếu th&iacute;ch)</p>\r\n\r\n<p>- Rau ăn k&egrave;m: rau quế, ng&ograve; gai- Nước chấm: muối ớt chanh- Dầu ăn</p>\r\n\r\n<p><strong>C&aacute;ch l&agrave;m:</strong></p>\r\n\r\n<p>Sơ chế thịt b&ograve;: Lấy miếng gừng rồi gi&atilde; nhỏ, cho v&agrave;o 1/2 ch&eacute;n rượu trắng v&agrave;&nbsp;1/3 ch&eacute;n muối, sau đ&oacute; b&oacute;p đều với thịt b&ograve;, rồi rửa lại thật sạch. Nấu nồi nước s&ocirc;i cho thịt b&ograve; v&agrave;o chần&nbsp;5 ph&uacute;t, vớt ra rửa lại cho sạch những bọt dơ v&agrave; m&aacute;u tanh, để r&aacute;o.</p>\r\n\r\n<p>Cắt thịt b&ograve; th&agrave;nh những khối vu&ocirc;ng vừa ăn (kh&ocirc;ng nhỏ).</p>\r\n\r\n<p>Sau đ&oacute; tiến h&agrave;nh ướp gia vị: 1 muỗng canh h&agrave;nh t&iacute;m băm nhỏ, 1 muỗng canh tỏi băm nhỏ, 1 muỗng canh hạt n&ecirc;m, 1/2 muỗng canh muối, 1/2 muỗng canh bột ngọt, 1 muỗng canh đường, 1 muỗng cafe ti&ecirc;u, gừng cắt l&aacute;t, sả c&acirc;y cắt kh&uacute;c đập dập v&agrave; g&oacute;i bột nấu b&ograve; kho. Tất cả trộn đều, ướp 30 ph&uacute;t.</p>\r\n\r\n<p>Lấy chảo lớn cho &iacute;t dầu ăn, dầu n&oacute;ng cho thố thịt đ&atilde; ướp v&agrave;o x&agrave;o cho thấm, x&agrave;o đều cho đến khi thấy thịt săn l&agrave; được (nhớ đổ &iacute;t nước tr&aacute;ng thố ướp thịt cho v&agrave;o chảo). Sau đ&oacute; cho chảo thịt v&agrave;o nồi &aacute;p suất v&agrave;&nbsp;đổ nước v&agrave;o ngập thịt (lượng nước nhiều &iacute;t t&ugrave;y gia đ&igrave;nh m&igrave;nh), hầm 20 ph&uacute;t t&iacute;nh từ l&uacute;c nồi &aacute;p suất bắt đầu reo. Tắt bếp, để nồi xả hơi hết mới mở nắp nồi.</p>\r\n\r\n<p>L&uacute;c n&agrave;y, cho nồi &aacute;p suất l&ecirc;n bếp lại, rồi cho c&agrave; rốt cắt khối bằng dao răng cưa hoặc tỉa hoa cho đẹp v&agrave;o nấu cho mềm. C&agrave; rốt mềm th&igrave; cho&nbsp;tương dầu b&ograve; kho,&nbsp;sốt c&agrave; chua v&agrave;o, n&ecirc;m nếm lại gia vị lần nữa, rồi cho bột bắp khuấy với nước v&agrave;o&nbsp;từ từ. Khi thấy nồi b&ograve; kho s&aacute;nh lại (kh&ocirc;ng đặc) th&igrave; ngưng. Tắt bếp.</p>\r\n\r\n<p>Cho b&ograve; kho ra b&aacute;t v&agrave; thưởng thức. B&ograve; kho được ăn k&egrave;m với rau quế, ng&ograve; gai v&agrave; muối ớt chanh (muối hột, ớt, đường gi&atilde; nhỏ, khi ăn vắt th&ecirc;m chanh).</p>\r\n\r\n<p><em>B&iacute; quyết để c&oacute; nồi b&ograve; kho ngon</em></p>\r\n\r\n<p>- Sơ chế thịt b&ograve; với muối, gừng, rượu sẽ gi&uacute;p khi nấu thịt thơm, kh&ocirc;ng tanh m&ugrave;i b&ograve;.</p>\r\n\r\n<p>- N&ecirc;n nấu b&ograve; với nồi &aacute;p suất, b&ograve; nhanh mềm, hương vị được giữ nguy&ecirc;n rất thơm v&agrave; tiết kiệm được thời gian nấu.</p>\r\n\r\n<p><span style=\"color:#2980b9\"><strong>B&Ograve; KHO CỦ CẢI</strong></span></p>\r\n\r\n<p><strong>Nguy&ecirc;n liệu:</strong></p>\r\n\r\n<p>- Thịt b&ograve;: 400g (bạn n&ecirc;n chọn loại thịt dẻ sườn, khi kho sẽ mềm v&agrave; kh&ocirc;ng bị kh&ocirc;)</p>\r\n\r\n<p>- Củ cải: 2 củ</p>\r\n\r\n<p>- Gừng: nh&aacute;nh nhỏ</p>\r\n\r\n<p>- Gia vị: bột n&ecirc;m, bột ngọt, nước m&agrave;u</p>\r\n\r\n<p><strong>C&aacute;ch l&agrave;m:</strong></p>\r\n\r\n<p>Thịt b&ograve; rửa sạch để r&aacute;o nước rồi th&aacute;i vu&ocirc;ng qu&acirc;n cờ. Gừng một nửa th&aacute;i nhỏ, một nửa đập dập.</p>\r\n\r\n<p>Củ cải gọt vỏ, rửa sạch, cắt kh&uacute;c vừa ăn. Đem thịt b&ograve; ướp với một &iacute;t bột n&ecirc;m, nước m&agrave;u v&agrave; ch&uacute;t mỡ rồi để 30 ph&uacute;t cho ngấm.</p>\r\n\r\n<p>Sau đ&oacute; cho một ch&uacute;t dầu ăn v&agrave;o nồi, th&ecirc;m thịt b&ograve; v&agrave;o đảo đều đến khi thịt b&ograve; săn lại, th&ecirc;m nước v&agrave; gia vị cho vừa ăn, rồi hầm đ&ecirc;n khi thịt b&ograve; ch&iacute;n mềm th&igrave; ch&uacute;t củ cải v&agrave;o nấu c&ugrave;ng.</p>\r\n\r\n<p>Đến khi gần cạn hết nước th&igrave; rắc gừng th&aacute;i sợi v&agrave;o rồi tắt bếp. Cho b&ograve; kho củ cải ra đĩa v&agrave; thưởng thức khi c&ograve;n n&oacute;ng!</p>\r\n\r\n<p><span style=\"color:#2980b9\"><strong>B&Ograve; KHO KH&Ocirc;</strong></span></p>\r\n\r\n<p><strong>Chuẩn bị:</strong></p>\r\n\r\n<p>- 500gr thịt b&ograve; nhiều g&acirc;n</p>\r\n\r\n<p>- 5 th&igrave;a nhỏ nước mắm ngon, 1 miếng đường mật m&iacute;a (hoặc 2 th&igrave;a đường n&acirc;u)</p>\r\n\r\n<p>- 1 miếng quế, 2 b&ocirc;ng hoa hồi, 3 t&eacute;p tỏi, 1 nh&aacute;nh gừng, 2 củ xả, 1 th&igrave;a nhỏ hạt ti&ecirc;u, 1-2 quả ớt kh&ocirc; v&agrave; m&igrave; ch&iacute;nh nếu th&iacute;ch.</p>\r\n\r\n<p><strong>C&aacute;ch l&agrave;m:</strong></p>\r\n\r\n<p>Thịt b&ograve; nhiều g&acirc;n ta sơ chế sạch, c&aacute;c loại gia vị đ&atilde; chuẩn bị ta đập thật nhỏ, đường ph&ecirc;n ta đập nhuyễn.</p>\r\n\r\n<p>Tất cả c&aacute;c gia vị đ&atilde; chuẩn bị trộn đều th&agrave;nh một hỗn hợp v&agrave; b&oacute;p đều v&agrave;o miếng thịt b&ograve; trong 5 ph&uacute;t. N&ecirc;n ướp &iacute;t nhất 3 tiếng v&agrave; ngon nhất l&agrave; để qua đ&ecirc;m trong tủ lạnh gia vị sẽ ngấm s&acirc;u v&agrave;o trong từng thớ thịt rất thơm ngon, đậm đ&agrave;.</p>\r\n\r\n<p>Sau khi ướp thịt b&ograve; qua đ&ecirc;m, đem kho. Tốt nhất ta cho v&agrave;o nồi đất v&igrave; thịt b&ograve; kho kh&ocirc; c&oacute; nghĩa l&agrave; trong qu&aacute; tr&igrave;nh chế biến v&agrave; kho ta kh&ocirc;ng hề cho nước v&agrave;o. Tự bản th&acirc;n miếng thịt b&ograve; khi c&oacute; đủ thời gian ướp c&ugrave;ng c&aacute;c loại gia vị n&oacute; đ&atilde; tiết ra kh&aacute; nhiều nước n&ecirc;n việc chọn nồi đất để kho l&agrave; rất hợp với kiểu b&ograve; kho kh&ocirc; n&agrave;y.</p>\r\n\r\n<p>Kho thịt b&ograve; trong nồi đất v&agrave; với lửa b&eacute; nhất, để thịt b&ograve; ngon mềm kh&ocirc;ng bị kh&ocirc; ta cần kho thịt b&ograve; trong hai lần lửa. Kho lần thứ nhất trong 20 ph&uacute;t rồi tắt bếp lật lại miếng thịt v&agrave; để thịt nguội trong 30 ph&uacute;t (cũng l&agrave; c&aacute;ch để phần nước trong thịt b&ograve; tiếp ra hoặc thấm v&agrave;o ở độ vừa đến khi ăn miếng thịt mềm m&agrave; kh&ocirc;ng bị bở, gi&ograve;n m&agrave; kh&ocirc;ng bị dai).</p>\r\n\r\n<p>Sau 30 ph&uacute;t ta bắt đầu kho lửa lần thứ 2, kho trong 20-25 phút ở lửa nhỏ vừa đến l&uacute;c phần nước của thịt tiết ra cạn l&agrave; vừa.</p>\r\n\r\n<p>Sau khi ch&iacute;n ta để miếng thịt b&ograve; thật nguội rồi th&aacute;i mỏng vừa phải v&agrave; thưởng thức (b&ograve; kho kh&ocirc; c&oacute; thể bảo quản trong tủ m&aacute;t ăn trong 3 ng&agrave;y vẫn rất ngon).</p>\r\n', 'csw2nuLbOV', 1, 0, '19/01/2018', '2018-01-19 14:59:18', '2018-01-20 03:19:09');

-- --------------------------------------------------------

--
-- Table structure for table `users`
--

CREATE TABLE `users` (
  `id` int(11) NOT NULL,
  `name` varchar(255) COLLATE utf8mb4_unicode_ci NOT NULL,
  `email` varchar(255) COLLATE utf8mb4_unicode_ci NOT NULL,
  `password` varchar(255) COLLATE utf8mb4_unicode_ci NOT NULL,
  `token` varchar(35) COLLATE utf8mb4_unicode_ci NOT NULL,
  `created` timestamp NOT NULL DEFAULT CURRENT_TIMESTAMP,
  `updated` timestamp NOT NULL DEFAULT CURRENT_TIMESTAMP ON UPDATE CURRENT_TIMESTAMP
) ENGINE=InnoDB DEFAULT CHARSET=utf8mb4 COLLATE=utf8mb4_unicode_ci;

--
-- Dumping data for table `users`
--

INSERT INTO `users` (`id`, `name`, `email`, `password`, `token`, `created`, `updated`) VALUES
(3, 'Lê Văn Đào', 'ledao197.haui@gmail.com', 'e10adc3949ba59abbe56e057f20f883e', 'asdasdasd', '2018-01-15 04:50:50', '2018-01-15 04:51:07'),
(5, 'nguyễn văn a', 'nguyenvana@gmail.com', '900150983cd24fb0d6963f7d28e17f72', 'leU98vHUR0', '2018-01-15 08:31:04', '2018-01-15 08:56:38'),
(6, 'nguyễn văn b', 'nguyenvanb@gmail.com', 'c81e728d9d4c2f636f067f89cc14862c', 'MzugoXFlzz', '2018-01-15 08:31:48', '2018-01-15 08:31:48'),
(7, 'nguyễn văn c', 'nguyenvanc@gmail.com', 'eccbc87e4b5ce2fe28308fd9f2a7baf3', 'PAr04qrO38', '2018-01-15 08:32:16', '2018-01-15 08:32:16');

--
-- Indexes for dumped tables
--

--
-- Indexes for table `menu_catalog`
--
ALTER TABLE `menu_catalog`
  ADD PRIMARY KEY (`id`);

--
-- Indexes for table `menu_list_blog`
--
ALTER TABLE `menu_list_blog`
  ADD PRIMARY KEY (`id`);

--
-- Indexes for table `users`
--
ALTER TABLE `users`
  ADD PRIMARY KEY (`id`);

--
-- AUTO_INCREMENT for dumped tables
--

--
-- AUTO_INCREMENT for table `menu_catalog`
--
ALTER TABLE `menu_catalog`
  MODIFY `id` int(11) NOT NULL AUTO_INCREMENT, AUTO_INCREMENT=11;

--
-- AUTO_INCREMENT for table `menu_list_blog`
--
ALTER TABLE `menu_list_blog`
  MODIFY `id` int(11) NOT NULL AUTO_INCREMENT, AUTO_INCREMENT=19;

--
-- AUTO_INCREMENT for table `users`
--
ALTER TABLE `users`
  MODIFY `id` int(11) NOT NULL AUTO_INCREMENT, AUTO_INCREMENT=8;
COMMIT;

/*!40101 SET CHARACTER_SET_CLIENT=@OLD_CHARACTER_SET_CLIENT */;
/*!40101 SET CHARACTER_SET_RESULTS=@OLD_CHARACTER_SET_RESULTS */;
/*!40101 SET COLLATION_CONNECTION=@OLD_COLLATION_CONNECTION */;
